profluigimarino|Pediatric & Adult Eye Care, Refractive Laser, Femtolasik, Femtolaser Cataract, Macula Research , Dry Eye specialist|http://pbs.twimg.com/profile_images/3348393826/7a6d9e4146a3a5ff93be48c1abb437e0_normal.jpeg|1123|65180|Chirurgo Oculista Milano Roma|False
n/a|n/a|n/a|n/a|n/a|n/a|n/a
n/a|n/a|n/a|n/a|n/a|n/a|n/a
ok_pietro||http://pbs.twimg.com/profile_images/755677357239889920/5T_ejqpZ_normal.jpg|28|0|Angri, Campania|False
n/a|n/a|n/a|n/a|n/a|n/a|n/a
BrunoAlicata|Dame amor dame amor dame paz en la Tierra.  Dame luz dame vida lib√©rame desde el nacimiento.|http://pbs.twimg.com/profile_images/798712364451368962/QZ769sQ2_normal.jpg|495|674|Argentina|False
amatisilvana||http://abs.twimg.com/sticky/default_profile_images/default_profile_normal.png|0|0||False
n/a|n/a|n/a|n/a|n/a|n/a|n/a
AngioniIgnazio||http://abs.twimg.com/sticky/default_profile_images/default_profile_normal.png|5|0||False
fabiolaanitori||http://pbs.twimg.com/profile_images/543361375393677313/VdfcfJv4_normal.jpeg|97|566|Roma, Lazio|False
Andre160587||http://pbs.twimg.com/profile_images/1550752493/Vasco-Rossi3_normal.jpg|126|1||False
domenicoauricch||http://pbs.twimg.com/profile_images/1674025864/DSCN6423_normal.JPG|14|1|NAPOLI|False
AzzolliniEk|Elettricista,amante del calcio,musica in genere,molfettese D.O.C.|http://pbs.twimg.com/profile_images/3073745117/5b14542b928a4b3c94883667f2b6bd30_normal.jpeg|36|0|Molfetta|False
n/a|n/a|n/a|n/a|n/a|n/a|n/a
BellotRaffaela||http://pbs.twimg.com/profile_images/497671542059593728/Aa2VYHXZ_normal.jpeg|40|1||False
n/a|n/a|n/a|n/a|n/a|n/a|n/a
SilvioBOfficial|Chairman & CEO of Fininvest. Owner of AC Milan football club. Proud supporter of free transfers since 2010. Parody.|http://pbs.twimg.com/profile_images/504425140420366336/yvNAE4Hx_normal.jpeg|2|271|Milan, Italy|False
BertaccoS||http://pbs.twimg.com/profile_images/2234815580/image_normal.jpg|59|109||False
n/a|n/a|n/a|n/a|n/a|n/a|n/a
n/a|n/a|n/a|n/a|n/a|n/a|n/a
n/a|n/a|n/a|n/a|n/a|n/a|n/a
BonaiutiPaolo||http://abs.twimg.com/sticky/default_profile_images/default_profile_normal.png|0|0||False
n/a|n/a|n/a|n/a|n/a|n/a|n/a
n/a|n/a|n/a|n/a|n/a|n/a|n/a
brunifrancesco|'It is only petty men who seem normal.' @planetek dev team, reading lover. Occasionally speaker https://t.co/bcRJ9WMbk2|http://pbs.twimg.com/profile_images/876754820513886208/pGm_Y9qn_normal.jpg|782|5190|Andria, Apulia, Italy|False
br1donatoo|vanishing my thoughts so my dreams would leave me blind|http://pbs.twimg.com/profile_images/871391221322850308/qG6A_uD6_normal.jpg|122|820|Buenos Aires City Region|False
bulgarellielisa||http://pbs.twimg.com/profile_images/837366965199122432/aDyDYblK_normal.jpg|311|950||False
_calderoli|Fuori i turchi dall'Italia, fuori i turchi dall'Europa e per sicurezza fuori i turchi dalla Turchia.|http://pbs.twimg.com/profile_images/378800000109223357/7f759774653f6d354c78af3ace767e1c_normal.jpeg|0|29|Account satirico|False
n/a|n/a|n/a|n/a|n/a|n/a|n/a
frankster12341||http://pbs.twimg.com/profile_images/898402165776990209/OqCDqL1c_normal.jpg|171|42||False
RosariaCap||http://pbs.twimg.com/profile_images/203658286/twitter_normal.png|0|364|Caserta|False
n/a|n/a|n/a|n/a|n/a|n/a|n/a
Franco_Carraro|La mismisima Flecha!|http://pbs.twimg.com/profile_images/613038732166451200/vQg6EmXh_normal.jpg|123|1479||False
robertocassinel||http://pbs.twimg.com/profile_images/441109952388931584/gYTf8Q7v_normal.jpeg|209|0|comandante navi da diporto|False
CassonVenezia||http://pbs.twimg.com/profile_images/542653003539308546/USjoDIGE_normal.jpeg|0|0||False
GianlucaVasto|Classe '70 diploma ISEF piccolo imprenditore, convivo ed ho 2 figli. Non affidero' pi√π il mio futuro ad un Partito. Partecipo al cambiamento VERO col M5S.|http://pbs.twimg.com/profile_images/3672681158/2fd37d50a6ad473d210de0d056c59b51_normal.jpeg|3719|8981||True
elenacattaneo05||http://pbs.twimg.com/profile_images/434175158501122048/m6cDoVOw_normal.jpeg|117|302||False
a_ciampolillo|nonno felice|http://pbs.twimg.com/profile_images/378800000707983534/0d3d8204adb9cdc46fe5901d31d88da2_normal.jpeg|24|0||False
MonicaCirinna|Sono per la libert√† di pensiero e di parola. Discuto di tutto con tutti ma blocco subito chi insulta.|http://pbs.twimg.com/profile_images/510017007601737729/5jcbi5C3_normal.jpeg|615|3821||False
kekko_colucci|Consapevole della della mia follia, vivo la vita con saggezza e filosofia - La semplicit√† dona infinite emozioni...#FinoAllaFineForzaJuventus|http://pbs.twimg.com/profile_images/864223436268326912/ZpaWPq_b_normal.jpg|1941|2133|Massa Lubrense - Sorrento|False
SComaroli||http://abs.twimg.com/sticky/default_profile_images/default_profile_normal.png|20|4||False
LuigiCompagna||http://pbs.twimg.com/profile_images/464999410997276673/QeG9zgE1_normal.jpeg|1720|111|Roma (Italy)|False
MT094||http://pbs.twimg.com/profile_images/1445944822/peppo_normal.jpg|4|0|Montesarchio|False
n/a|n/a|n/a|n/a|n/a|n/a|n/a
FrancoConte6||http://pbs.twimg.com/profile_images/542093297746206720/X_zI-g5K_normal.jpeg|1373|2230||False
ByzantineVampyr|Cultural critic and professor published @ Vice Italy, Vogue.it, L'Uomo Vogue, Artribune, Prismo.|http://pbs.twimg.com/profile_images/448868215142109184/7S50QVGG_normal.jpeg|97|5949|Milan|False
paolo_corsini|Giornalista. Le opinioni qui espresse non impegnano... troppo nessuno!|http://pbs.twimg.com/profile_images/430091773252493313/6W1TRRp9_normal.jpeg|924|329||False
robocot_1964||http://pbs.twimg.com/profile_images/2974577881/a574b0241397f1eba36e48afc0de2843_normal.png|21|5||False
n/a|n/a|n/a|n/a|n/a|n/a|n/a
vincy75|Personal Financial Advisor di FINECO Bank Spa #consulenzafinanziaria #educazionefinanziaria #risparmio #progettailtuofuturo #previdenza #investimenti #fineco|http://pbs.twimg.com/profile_images/1387143359/vincy75td-TW_normal.jpg|1033|4647|√úT: 40.748155,13.899355|False
n/a|n/a|n/a|n/a|n/a|n/a|n/a
n/a|n/a|n/a|n/a|n/a|n/a|n/a
n/a|n/a|n/a|n/a|n/a|n/a|n/a
n/a|n/a|n/a|n/a|n/a|n/a|n/a
n/a|n/a|n/a|n/a|n/a|n/a|n/a
n/a|n/a|n/a|n/a|n/a|n/a|n/a
n/a|n/a|n/a|n/a|n/a|n/a|n/a
n/a|n/a|n/a|n/a|n/a|n/a|n/a
SergioDivina||http://pbs.twimg.com/profile_images/2203839876/image_normal.jpg|26|1||False
pinodublin|IBM Commerce Sales Manager, SaaS Extension & Expansion.|http://pbs.twimg.com/profile_images/524267832406601728/CHuJiCp5_normal.jpeg|397|408|Dublin|False
luciayesmagic||http://pbs.twimg.com/profile_images/684749821337534464/3HOwOeQg_normal.jpg|195|38|Italia|False
uno_che_rompe|"""Cercher√≤ di non essere odiato facendomi odiare il pi√π possibile""~cit. inventata al momento"|http://pbs.twimg.com/profile_images/872130140612038658/JU_aEHyJ_normal.jpg|35|1|Un Posto Del Mondo|False
VincenzoJoseph|Instagram: @vincenzojoseph|http://pbs.twimg.com/profile_images/523574354551263232/2oY880EI_normal.jpeg|243|4546|313, „ÄΩÔ∏èichigan|False
NicolettaFavero||http://pbs.twimg.com/profile_images/3130514109/e356abed10d42a4bbb87c23fafd0894a_normal.jpeg|970|5008||False
venmarkarg||http://pbs.twimg.com/profile_images/508249889067638784/Z5xCOY1k_normal.png|19|13|Buenos Aires|False
elena__ferrara|"couture bridal designer.
Italian/Greek heritage, handmade with love in England ‚Ä¢ our beautiful bridal collections are currently seeking stockists to call home ‚Ä¢"|http://pbs.twimg.com/profile_images/898188083903987712/6_sx54Wn_normal.jpg|533|1917|uk|False
n/a|n/a|n/a|n/a|n/a|n/a|n/a
mdefilippi|Maria De Filippi, Maurizio Costanzo, Marco Carta e i loro Amici|http://pbs.twimg.com/profile_images/403732811/costanzofilippo_normal.jpeg|473|1|Rome|False
FilippinRosanna|Bassano del Grappa, Senatrice della Repubblica - Partito Democratico. Commissione Giustizia e Giunta elezioni e immunit√†.|http://pbs.twimg.com/profile_images/805741250578149377/sCsPsGsN_normal.jpg|1299|4402||False
floris_emilio_||http://pbs.twimg.com/profile_images/665431586431705088/ewmYeuDX_normal.jpg|64|0||False
r_formigoni|Presidente commissione Agricoltura Senato ‚Äì #AlternativaPopolare ‚Äì Grazie al mio staff: l‚Äôunione fa la forza|http://pbs.twimg.com/profile_images/826026585388154880/-oq7Qa0w_normal.jpg|210|12863|Italia|False
LuigiGaetti||http://pbs.twimg.com/profile_images/3202931204/4556d3316ef7b72dfdea605f45abe26b_normal.jpeg|18|462||False
TooFastForLoves|Cantautore/Songwriter https://t.co/vujMQsZ2es|http://pbs.twimg.com/profile_images/745873907568250881/HeLUD-hA_normal.jpg|1944|636|Monza/Turin - Italy |False
adelegambaro||http://pbs.twimg.com/profile_images/2694849540/5e74abbf424ce63b497f25a20a2f9289_normal.png|82|277||False
massimogara|Tra il dire e il fare gh'√® al metes adr√©!|http://pbs.twimg.com/profile_images/815513633748881408/AJX3LlPn_normal.jpg|461|4034||False
emmegi966||http://pbs.twimg.com/profile_images/464169109832601600/mOWJigwq_normal.jpeg|7|4|Fiano Romano|False
tonneiro||http://pbs.twimg.com/profile_images/681431239304327169/WmGc01IW_normal.png|828|3026|Entrepreneur, Faculty at UniPA|False
NiccolGhedini||http://abs.twimg.com/sticky/default_profile_images/default_profile_normal.png|0|11||False
RitaGhedini||http://pbs.twimg.com/profile_images/1754319049/5808_normal.jpg|285|549|Bologna, Roma|False
n/a|n/a|n/a|n/a|n/a|n/a|n/a
n/a|n/a|n/a|n/a|n/a|n/a|n/a
n/a|n/a|n/a|n/a|n/a|n/a|n/a
MGranaiola||http://abs.twimg.com/sticky/default_profile_images/default_profile_normal.png|32|0||False
TommasoGrassi85|28 anni, fiorentino, candidato sindaco al Comune di Firenze #firenzeasinistra , SEL, PRC|http://pbs.twimg.com/profile_images/456790101993848834/ZYh8y74H_normal.jpeg|1667|493|Firenze|False
maria_guerrat||http://pbs.twimg.com/profile_images/426470036564619264/ApXNoxTP_normal.jpeg|0|0||False
n/a|n/a|n/a|n/a|n/a|n/a|n/a
PietroIchino|Se non ci fossi stato io, mi sarei annoiato moltissimo|http://pbs.twimg.com/profile_images/801533473961943040/TTcEXVnK_normal.jpg|8892|2792||False
n/a|n/a|n/a|n/a|n/a|n/a|n/a
pietroiurlaro||http://pbs.twimg.com/profile_images/2886832800/0b2de3ecabe4c3deabf6592ccbd23940_normal.jpeg|0|1||False
n/a|n/a|n/a|n/a|n/a|n/a|n/a
albertlaniece||http://pbs.twimg.com/profile_images/3161696686/cc5303bf8fa0ac2cd0beb76b9ab594ab_normal.jpeg|98|530||False
l_lanzillotta||http://pbs.twimg.com/profile_images/1937546583/foto-profilo-twitter_normal.jpg|395|1753||False
StefanoLepri1|Economics commentator, La Stampa. Giornalista da 40 anni. Laico: non  confondere con l'omonimo senatore.|http://pbs.twimg.com/profile_images/1840888837/Tessera09_normal.jpg|150|2458||False
TweetPete123||http://pbs.twimg.com/profile_images/870985587255279618/_RVELl3v_normal.jpg|104|4|Toronto, Ontario|False
lomoro10||http://pbs.twimg.com/profile_images/502841393115848704/oGrJI-YA_normal.jpeg|1|0||False
Eva_longo_|Italian McCurdian ‚úà @jennettemccurdy saved my life so many times i can't even count them. I am going to meet you someday, and thank you in person.|http://pbs.twimg.com/profile_images/593807807264198656/x4Ea5Yk__normal.jpg|491|764|Catania, Sicily|False
n/a|n/a|n/a|n/a|n/a|n/a|n/a
carlo_lucherini||http://pbs.twimg.com/profile_images/678900593088438273/_yaJX7ny_normal.jpg|74|0||False
glumia|Cardiologist - EP Fellow Centro Cardiologico Monzino, Milan. EP Master Uninsubria.|http://pbs.twimg.com/profile_images/554781637129830400/nswt18t3_normal.jpeg|1627|814|Milano, Lombardia|False
LuigiManconi1|http://t.co/4plrSS28sW|http://pbs.twimg.com/profile_images/2848479451/1a41a346bb5108caf43afeda102b3d80_normal.jpeg|2337|3091|Pres comm Diritti umani Senato|False
n/a|n/a|n/a|n/a|n/a|n/a|n/a
dre99|Founder @LASTLOOKAPP|http://pbs.twimg.com/profile_images/2996063141/03c643dfabd67726b740c5871aa159e4_normal.jpeg|198|58|New York City|False
salmargiotta||http://pbs.twimg.com/profile_images/781181276040617984/H2wHMmCw_normal.jpg|104|1663||False
MarcoMarinM||http://pbs.twimg.com/profile_images/455567670059212800/YsJXzPW8_normal.jpeg|561|7176|San Jos√©, Costa Rica|False
n/a|n/a|n/a|n/a|n/a|n/a|n/a
n/a|n/a|n/a|n/a|n/a|n/a|n/a
_claudiomartini|21 // World Traveller // Civil Engineering // RT|http://pbs.twimg.com/profile_images/908462322112503808/JgUIoCfN_normal.jpg|255|24376||False
n/a|n/a|n/a|n/a|n/a|n/a|n/a
n/a|n/a|n/a|n/a|n/a|n/a|n/a
n/a|n/a|n/a|n/a|n/a|n/a|n/a
GioDiMauro7||http://pbs.twimg.com/profile_images/469442744629202944/jgaHNM04_normal.png|231|215|Italia|False
MazzoniDj|Niente di sacro tranne il cibo.|http://pbs.twimg.com/profile_images/807635460784852992/cslu6cdn_normal.jpg|68|1968|Rome, Italy|False
n/a|n/a|n/a|n/a|n/a|n/a|n/a
alfredomessina||http://pbs.twimg.com/profile_images/378800000325599428/453809c6e7be4b434cf352f8c4fac3a0_normal.jpeg|2033|34||False
clamiche|"Promotore @BSM_SpA
European Financial Advisor"|http://pbs.twimg.com/profile_images/887406209585864705/5HyVMikq_normal.jpg|517|46||False
maurice18958|in sintonia....|http://pbs.twimg.com/profile_images/477168846164721664/0tezVZUt_normal.jpeg|2303|6904|italia|False
ToniMilo|Director/Digital Artist @superblimp|http://pbs.twimg.com/profile_images/869208624123531264/YMigJD3u_normal.jpg|610|1909||False
michiamomambo|I like turtles.|http://pbs.twimg.com/profile_images/370480873/snow4_normal.jpg|349|960|Irvine, California|False
AugustoMinzolin||http://pbs.twimg.com/profile_images/907191051600977920/ut8IsQSi_normal.jpg|28451|24541||False
francomirabelli|"Inside the world of a fashion designer in Canada. 


FaceBook: https://t.co/iRdDpvNHSw"|http://pbs.twimg.com/profile_images/378800000281400425/b0fa4b4a2686b59b2eeb7749a9c88936_normal.jpeg|46|288|Toronto, Canada|False
F_Molinari|Golf mainly. Family before everything else. Then Inter and West Ham. Italian and proud to be one|http://pbs.twimg.com/profile_images/858334514032115712/HFONbEGs_normal.jpg|235|5376|Turin, Italy and London, UK|True
mariomorgoni|Un cittadino, un piccolo imprenditore, un uomo che crede nella passione civile e politica e nell'impegno nel lavoro e nel servizio alla comunit√†.|http://pbs.twimg.com/profile_images/3128053589/793beb564f2d2d4f26d125c5de973e84_normal.jpeg|981|546||False
ManuMunerato|La follia , quella sana , non curatela !! ALIMENTATELA .....|http://pbs.twimg.com/profile_images/837003889824186385/H9X-w1em_normal.jpg|1043|10538|Rovigo |False
paolanugnes||http://pbs.twimg.com/profile_images/675418118332772353/S_7TnAgQ_normal.jpg|938|685|Cittadina senatrice M5S|False
n/a|n/a|n/a|n/a|n/a|n/a|n/a
venerapadua|Medico pediatra e Senatrice della Repubblica del Partito Democratico, componente della Commissione Igiene e Sanit√†. Sposata con 2 figli.|http://pbs.twimg.com/profile_images/484422711238610945/ytlbGUQK_normal.jpeg|716|853|Scicli - Sicilia - Roma|False
JoeyPagano||http://pbs.twimg.com/profile_images/907946882479124480/awQfxEvX_normal.jpg|70|316||False
sarapaglinicarr||http://pbs.twimg.com/profile_images/3117497687/1dd7214ca77f25c220d7c89b400ebb50_normal.jpeg|5|11||False
n/a|n/a|n/a|n/a|n/a|n/a|n/a
franzpalermo||http://pbs.twimg.com/profile_images/492302213369167873/CKvvpOX1_normal.jpeg|170|808|Bolzano/Bozen|False
n/a|n/a|n/a|n/a|n/a|n/a|n/a
CarloPegorer||http://pbs.twimg.com/profile_images/1406089269/icona_normal.jpg|61|820||False
PaolaPelino||http://pbs.twimg.com/profile_images/3191594766/30d4e99cca5fa4e3dfa07e716d86eeb4_normal.jpeg|60|738||False
lperronef|Palestrino... isso j√° diz muito!|http://pbs.twimg.com/profile_images/821504184294002688/UgtyRb1R_normal.jpg|251|2343||False
ale_petraglia|"Senatrice della Repubblica-gruppo misto
Sinistra Italiana"|http://pbs.twimg.com/profile_images/706427742515032064/JBbd0QBL_normal.jpg|349|1990||False
vitopetrocelli|Senatore M5S|http://pbs.twimg.com/profile_images/3184362565/eca01ca1277954816f846ae48c61eabc_normal.jpeg|1020|9929|Matera|True
stefaniapezzopa|Nata a L'Aquila,dove vivo,senatrice Pd,madre di Caterina,amo la cultura,mi piace da sempre fare politica,iscritta al Pci il giorno che mori Berlinguer|http://pbs.twimg.com/profile_images/816048637516062720/T9Ua6BJr_normal.jpg|6037|23892|L'Aquila|False
RPBWARCHITECTS|The Renzo Piano Building Workshop (RPBW) is an international architectural practice with offices in Paris, Genoa and New York City.|http://pbs.twimg.com/profile_images/845321181976776705/I5nTvBW3_normal.jpg|747|1446||False
GinoP30|Il conformismo √® la scimmia dell‚Äôarmonia.|http://pbs.twimg.com/profile_images/2223008013/IMGP1921_normal.JPG|87|49|Casazza (BG)|False
giovi2787|bere|http://pbs.twimg.com/profile_images/3311379157/cb017d43302d526c35f8fdf32162940b_normal.jpeg|864|2468|Torino, Piemonte|False
LeanaPignedoli|Vicepresidente in commissione Agricoltura al Senato|http://pbs.twimg.com/profile_images/1761847514/leana_foto_normal.jpg|81|2||False
robertapinotti|Ministro della Difesa della Repubblica italiana. Senatrice del Partito Democratico.  Seguimi anche su Facebook:  https://t.co/uirJzEG1pU|http://pbs.twimg.com/profile_images/805689245843288064/ybttsjIW_normal.jpg|1566|9560||True
ciano1907||http://pbs.twimg.com/profile_images/2271380436/o0z7p4bltg5baj5lh4n7_normal.jpeg|27|2|bergamo|False
sergiopuglia|Portavoce M5S eletto al Senato della Repubblica|http://pbs.twimg.com/profile_images/616258659044167680/w47L1R-H_normal.jpg|546|12387||False
PuglisiPD|Presidente commissione inchiesta #femminicidio @SenatoriPD #Scuola #Universita #Cultura #Sport  militante @PDBologna. Mamma di Riccardo, Giulia e Vittoria|http://pbs.twimg.com/profile_images/857255095460917248/bEZup7SJ_normal.jpg|5044|9263|Italy|False
LauraPuppato|Senatrice, ambientalista, donna in politica. Ognuno di noi cambia il mondo per sempre, tanto vale farlo consapevolmente e per il meglio. https://t.co/9NkxLhmzMX|http://pbs.twimg.com/profile_images/606471126672375808/_kFpg2oh_normal.jpg|1995|7595||False
QuagliarielloG|Tifoso del Napoli, senatore, movimento IDEA - Popolo e Libert√†|http://pbs.twimg.com/profile_images/555798726124392449/W8nffePT_normal.jpeg|985|2479|Roma|False
RaffaeleRanucci||http://abs.twimg.com/sticky/default_profile_images/default_profile_normal.png|61|0||False
senantoniorazzi|Senatore della Repubblica Italiana.Segretario della Commissione Affari Esteri,emigrazione. Senator of the Italian Republic.|http://pbs.twimg.com/profile_images/555482626216050688/O_r-24PP_normal.png|34939|51367|Roma, Lazio|True
manuela_repetti|Senatrice. Imprenditrice. Ma soprattutto amante e amica degli animali|http://pbs.twimg.com/profile_images/921005363146711042/nxDHOyjC_normal.jpg|204|442||False
LucrezRicchiuti|Senatrice della Repubblica Italiana @Articolo1DemPro (Mdp) Contro #mafie e #corruzione e per i diritti del #lavoro con @lameglioitalia|http://pbs.twimg.com/profile_images/595225053236703232/wiYlsLp__normal.jpg|687|779|Desio, Lombardia|False
Maria_Rizzotti|Senatrice della Repubblica Italiana per Forza Italia. Vicepresidente Commissione igiene e sanit√†, membro commissione parlamentare per l'infanzia e l'adolescenza|http://pbs.twimg.com/profile_images/581543643875549185/C-hKLhnV_normal.jpg|217|384|Italia|False
mromani||http://pbs.twimg.com/profile_images/3218275012/8fb6706fe461b9f663932f6e0e0d044f_normal.jpeg|611|202|Rio de Janeiro, Brazil|False
_paolo_romani_|Presidente del Gruppo Forza Italia - PDL Senato Presidente Fondazione Finis Terrae @terrae_finis|http://pbs.twimg.com/profile_images/418063137485910017/2GZ-dc3m_normal.jpeg|1261|1858||False
StephenPRomano|Best-selling author, screenwriter, founder of @EibonPress  Please read my comic series, Lucio Fulci's ZOMBIE, and my new short story collection, IT'S JUST US.|http://pbs.twimg.com/profile_images/580853791336968192/MboYt3JT_normal.jpg|1344|5901|Austin, Texas|False
Gderossi69|Mi occupo di supportare i miei Clienti nell'adozione del Cloud. I miei tweet rispecchiano solamente il mio pensiero.|http://pbs.twimg.com/profile_images/655736364126875649/HTr0vG_F_normal.jpg|134|381|Cloud Architect@Microsoft|False
matiaslrossi|Periodista en @AmericaTV.. Fundador de @pogoderock. Actor en Riiicardo, obra de Norman Briski en @teatrocaliban y saxofonista en @epicodefloresta.|http://pbs.twimg.com/profile_images/779926418692112384/Jt-eAH0j_normal.jpg|1091|2513|Buenos Aires, Capital Federal|False
stregha7||http://pbs.twimg.com/profile_images/3411202676/d3ce0e1c700b349ff7f78e488b106aa9_normal.jpeg|9|11|Napoli|False
n/a|n/a|n/a|n/a|n/a|n/a|n/a
n/a|n/a|n/a|n/a|n/a|n/a|n/a
BrioWebEu|Consulente #marketing #coaching e #leadership. Fondo #psicologia #neuromarketing #mindfulness #taichi nelle mie strategie, per far crescere il tuo #business.|http://pbs.twimg.com/profile_images/609610868863668224/KhlMibAa_normal.jpg|966|10298|Italia|False
RobertoRuta||http://pbs.twimg.com/profile_images/1539764532/roberto_ruta_ok_normal.jpg|151|4|Florence|False
peppe_ruv|student of computer engineering at Politecnico di Torino(@PoliTOnews). Participant in the course of @rivoluzdigitale|http://pbs.twimg.com/profile_images/452546408382349312/wn8nngrT_normal.png|439|283|Torino|False
drvsantangelo|Medico di famiglia, Reumatologo da sempre impegnato nel sociale.|http://pbs.twimg.com/profile_images/1725850842/image_normal.jpg|192|78||False
giorgiosantini|Pi√π buon senso pi√π fantasia pi√π entusiasmo|http://pbs.twimg.com/profile_images/614332374625685504/BIpMOfsX_normal.jpg|526|16443|Ferrara|False
n/a|n/a|n/a|n/a|n/a|n/a|n/a
n/a|n/a|n/a|n/a|n/a|n/a|n/a
salvatorescias3|crederci sempre.  mollare maiiii|http://pbs.twimg.com/profile_images/615437258049589248/DBBW3woQ_normal.jpg|331|49||False
FrancescoScoma|"Computer engineer 
C# Xamarin Android  .NET
......TDox Evangelist"|http://pbs.twimg.com/profile_images/3645480975/b2c094163f78bd4a5a5da5ae2d144903_normal.jpeg|388|383|Italia|False
giankserafini|L'apertura mentale non √® una spaccatura  del cervello!|http://pbs.twimg.com/profile_images/3462665395/1db7803370e06d97fcc912526521784e_normal.jpeg|429|354|Napoli|False
Nelaserra|En esta p√°gina puedes ver todo tipo de im√°genes. http://t.co/8Xpc5GqY4T|http://pbs.twimg.com/profile_images/2772586057/19309654791b1567c76fe743eccc3f1b_normal.png|564|2097|Sosua - Republica Dominicana|False
CosimoSibilia|Politico e dirigente sportivo italiano. Senatore, Presidente della Lega Nazionale Dilettanti e Vice Presidente Vicario della FIGC.|http://pbs.twimg.com/profile_images/870902889295876097/eeADERyp_normal.jpg|2|159|Italia|False
ALSilvestro||http://pbs.twimg.com/profile_images/3086085847/481f1585620f470c1e2ef63a7742be6c_normal.jpeg|6|391||False
IVANASIMEONI||http://pbs.twimg.com/profile_images/476746289846054913/3FHEGJ0I_normal.jpeg|122|188|Latina|False
SolloPasquale||http://pbs.twimg.com/profile_images/636235785914728449/47OhAd9s_normal.jpg|1|21||False
LodovicoSonego||http://pbs.twimg.com/profile_images/378800000599320900/fe02f4a5a9f4ae1b64eb60b2195a00c9_normal.jpeg|14|365||False
ilmaremmano1||http://abs.twimg.com/sticky/default_profile_images/default_profile_normal.png|0|0||False
Erika_Stefani12||http://pbs.twimg.com/profile_images/921205515799158784/fIVh4RI-_normal.jpg|295|37430||False
dariomarechiaro||http://pbs.twimg.com/profile_images/780129128246865920/LgTndzG7_normal.jpg|872|3374||False
GianlucaSusta||http://pbs.twimg.com/profile_images/3457347569/624a5c76ee8fd749c953845374641ce0_normal.jpeg|107|230||False
n/a|n/a|n/a|n/a|n/a|n/a|n/a
GiorgioTonini||http://pbs.twimg.com/profile_images/569223375067680768/05VApvN9_normal.jpeg|496|490|Montreal, QC|False
PTosato||http://pbs.twimg.com/profile_images/2343580137/bt6gufig13y19amoa97i_normal.jpeg|76|22|Varese|False
mariotronti||http://abs.twimg.com/sticky/default_profile_images/default_profile_normal.png|0|0||False
n/a|n/a|n/a|n/a|n/a|n/a|n/a
n/a|n/a|n/a|n/a|n/a|n/a|n/a
kthrinita|Chilena. Mis amigos me dicen Tini. Pintora, retratista & ilustradora. Filat√©lica coleccionista. I love to travel, series, movies, anime, cats & boardgames.|http://pbs.twimg.com/profile_images/915748831987474433/FLi0ut7N_normal.jpg|1028|31545|LC,Stgo.CH|False
DenisVerdini||http://pbs.twimg.com/profile_images/464172278985814016/WHAmoK32_normal.jpeg|26|27||False
n/a|n/a|n/a|n/a|n/a|n/a|n/a
n/a|n/a|n/a|n/a|n/a|n/a|n/a
RickyVillari||http://pbs.twimg.com/profile_images/2841043835/399217a48e6a496781ed6d3c88823100_normal.jpeg|17|2||False
LuigiZanda||http://abs.twimg.com/sticky/default_profile_images/default_profile_normal.png|0|0||False
PierantonioZ||http://pbs.twimg.com/profile_images/516552670371655681/8ZeJPYlk_normal.jpeg|118|552|Componente laico Csm|False
n/a|n/a|n/a|n/a|n/a|n/a|n/a
n/a|n/a|n/a|n/a|n/a|n/a|n/a
KarlZeller||http://pbs.twimg.com/profile_images/533261400236625920/zpocGp1Z_normal.jpeg|13|0||False
ZinClaudio|"M√©dico egresado de la UBA, Senatore della Repubblica Italiana. Vicepresidente Gruppo delle Autonomie-PSI-MAIE
Seg. della 3 Comm Affari Esteri
Seg. Gruppo/ONU"|http://pbs.twimg.com/profile_images/1378837111/zin_normal.jpg|1053|11711|ARGENTINA/ITALIA|False
VittorioZizza||http://pbs.twimg.com/profile_images/1638680647/217172_1016368132840_1334193198_30040893_4672_n_normal.jpg|7|0||False
n/a|n/a|n/a|n/a|n/a|n/a|n/a
CatalfoNunzia|Senatrice Movimento 5 Stelle|http://pbs.twimg.com/profile_images/378800000152540003/dcdaf697bf47c967f156463c3c58ec42_normal.jpeg|588|6453||False
giamma71|Senatore della Lega Nord.tifoso del parma amo le harley e la buona birra. Lombardo DOC|http://pbs.twimg.com/profile_images/683456885383671809/u1UC11zF_normal.jpg|3605|18264|pavia|False
RemigioCeroni|Senatore della Repubblica Gruppo FI - PdL, Coordinatore Regionale Forza Italia Marche, Sindaco di Rapagnano (FM)|http://pbs.twimg.com/profile_images/466565078490181632/HqmfPARU_normal.jpeg|424|862|Italia|False
MassiCervellini|Senatore della Repubblica, eletto nel collegio Lazio 1 - Responsabile SEL di Roma|http://pbs.twimg.com/profile_images/3282158898/c0e95a1de0904065492e3b82ba3a0fbe_normal.jpeg|63|72||False
fedechiavaroli|Senatrice di Area Popolare Ncd-Udc. Sottosegretario alla Giustizia. Mamma di Filippo, Carolina e Fernando.|http://pbs.twimg.com/profile_images/824637743095578624/YTYHhi0P_normal.jpg|174|587||False
VanninoChiti|"Presidente della XIV Commissione Politiche dell'Unione Europea. Eletto al Senato della Repubblica Italiana nella regione Piemonte.
http://t.co/SjPOjgOlUP"|http://pbs.twimg.com/profile_images/530290616517685248/dOhHxqGE_normal.jpeg|1957|1466||False
andrea_cioffi|Cittadino eletto al Senato della Repubblica con il Movimento 5 stelle. Ingegnere. Progettista e direttore lavori di opere pubbliche dal 1990.|http://pbs.twimg.com/profile_images/666335718181085184/8ZtSH32e_normal.jpg|458|3001|salerno|True
rcociancich|Avvocato, Senatore PD|http://pbs.twimg.com/profile_images/644150002932125696/jQh9RknR_normal.jpg|649|2393|Milano, Lombardia|False
CollinaStefano|Ingegnere civile, esperto di piadina romagnola, amante del calcio e padre. Sono Senatore PD in 1¬∞ Commissione (Affari Costituzionali).|http://pbs.twimg.com/profile_images/810163225148948480/xslQv0LT_normal.jpg|1210|1994|Faenza|False
GiuseppeLuigiCu|Senatore Della Repubblica nella XVII legislatura,Gruppo Partito Democratico|http://pbs.twimg.com/profile_images/3367210831/96d1f58d52fa8ed7cf393d75cefa21d8_normal.png|16|0||False
EricaDAdda|Moglie felice, Senatrice della Repubblica,dottore di ricerca, vivo tra scrittura filosofia e azione|http://pbs.twimg.com/profile_images/919558300286554113/gaGETqqQ_normal.jpg|943|5412||False
daliantonio|Profilo Twitter del Senatore Antonio d'Al√¨. Forza Italia. Rappresento Trapani a Roma.|http://pbs.twimg.com/profile_images/1606045022/antonio-dal_3_normal.jpg|139|399||False
paoladepin|Senatrice XVII Legislatura - Federazione dei Verdi - Mamma, Veneta, donna di sinistra, libera e pensante|http://pbs.twimg.com/profile_images/702774661453619200/VeHlZ8Cb_normal.jpg|539|1617|Treviso - Roma |False
Elena_Fissore|#Senatore della Repubblica.  Gi√† assessore al bilancio, alle attivit√† produttive, ai sistemi informativi e ai lavori pubblici della Citt√† di #Moncalieri.|http://pbs.twimg.com/profile_images/519136715030536192/129aJsxE_normal.jpeg|169|1054||False
Fornaro62|Articolo 1 - MDP Senatore dal marzo 2013 Componente Commissione Difesa e delle bicamerali sul Federalismo fiscale, Vigilanza RAI e commissione Moro|http://pbs.twimg.com/profile_images/708959835358896128/WzeqhBuG_normal.jpg|846|2018||False
VFravezzi|Sindaco di Dro e Senatore della Repubblica per il collegio Vallagarina, Alto-Garda e Giudicarie per UpT, PD e SVP-PATT.|http://pbs.twimg.com/profile_images/3180068145/1b22067c37a2357afe42707c65b7303a_normal.jpeg|90|525||False
SFUCKSIA|Medico del lavoro, eletta al Senato della Repubblica per la XVII Legislatura. Animalista, liberale, garantista. #Semplificazione #Metodo #Merito #Lavoro|http://pbs.twimg.com/profile_images/855054540609073152/vyzj5_Ja_normal.jpg|213|488|Fabriano, Marche|False
sengiacobbe|Senatore della Repubblica eletto nella ripartizione Africa-Asia-Oceania-Antartide. #PD|http://pbs.twimg.com/profile_images/3542741504/688862e2a8b31d4a78809b13b3224df8_normal.jpeg|225|205||False
SteGiannini|Senatrice della Repubblica|http://pbs.twimg.com/profile_images/808994626812133376/dBLtf0d3_normal.jpg|957|2568||True
gibiino_v|Senatore,Pres. Osserv. Parl. Mercato Imm.re,Ufficio Pres.za nazionale F.I.,capogruppo Comm. Trasporti/Telecomunicazioni,Vicepres. Bicamerale Federalismo Fiscale|http://pbs.twimg.com/profile_images/1862646732/GIBIINOFOTO_normal.jpg|1669|4801|Catania / Roma |False
SenGiovanardi|TWITTER UFFICIALE|http://pbs.twimg.com/profile_images/469087438107725824/SBMqoTjj_normal.jpeg|0|3|Senatore della Repubblica|False
GianniGirotto|classe 1967, perito elettronico, laurea in giurisprudenza. Portavoce al Senato per il M5S. Biografia su https://t.co/XXOOABM709|http://pbs.twimg.com/profile_images/758719313582981120/x9vx6bjn_normal.jpg|1482|5849|Italy, 40 Km near Venice|True
GotorMiguel|Storico, Senatore dell'Umbria di Articolo 1 - Movimento democratico e progressista, collaboro con ¬´la Repubblica¬ª. Su https://t.co/wdaP3gbghI|http://pbs.twimg.com/profile_images/835713278701670400/WW4LdiS7_normal.jpg|1353|5569|Roma|False
PietroGrasso|Sono stato Magistrato e Procuratore Nazionale Antimafia. Ora Presidente del Senato della Repubblica. https://t.co/k0Mv7sgH3X|http://pbs.twimg.com/profile_images/865103793750331393/UdLAfOng_normal.jpg|854|1439||True
GualdaniMarcell|Senatore della Repubblica Italiana - NCD|http://pbs.twimg.com/profile_images/665672774619406336/NY6xXaUF_normal.jpg|73|13||False
Langella_Pietro|Senatore della Repubblica Italiana XVII legislatura|http://pbs.twimg.com/profile_images/3591961401/35bf0d105baf9f4e81b12c2aaae51a40_normal.jpeg|20|16|Imprenditore|False
Latorrenicola|Senatore del Partito Democratico e presidente della Commissione Difesa|http://pbs.twimg.com/profile_images/2431630450/k42rx0d8woe1j1023ci9_normal.jpeg|235|685|Roma|False
LucioMalan|"La verit√† √® il mezzo di comunicazione pi√π potente. Senatore, Questore del Senato. ""I have sworn upon the altar of God eternal hostility to tyranny"""|http://pbs.twimg.com/profile_images/2794035448/b92c7bf542b23ea642dd31f70cf1990a_normal.jpeg|1766|17931|Italia|False
m_montevecchi|"Portavoce del Movimento 5 Stelle - Senato della Repubblica   Commissione 7a: Cultura e Istruzione | https://t.co/AAsXyOXieY"|http://pbs.twimg.com/profile_images/699531144111460352/vAnSYasn_normal.png|6807|2193||True
MoscardelliCla|In politica dal 1977 nella DC. In Regione Lazio nel 2005 e 2010. Nel 2013 eletto Senatore, milita nel PD. √à in commissione Finanze, Antimafia e Giunta Immunita'|http://pbs.twimg.com/profile_images/916534572808056832/FHzznJZ7_normal.jpg|860|1753||False
vado_al_massimo|Vado al Massimo, il blog di Massimo Mucchetti. Giornalista e Senatore Pd.|http://pbs.twimg.com/profile_images/424143199951519744/l_aNdXUS_normal.jpeg|146|1064||False
G_NapolitanoBis|"XI e XII Presidente della Repubblica Italiana
#NapolitanoBis #Quirinale #Governo #Italia"|http://pbs.twimg.com/profile_images/3560426931/22bf657ff791ddfd9216df088ac872d8_normal.jpeg|9|6||False
NenciniPsi|Socialista. Storico. Scrittore. Vice Ministro delle Infrastrutture e dei Trasporti e Segretario del @PartSocialista.|http://pbs.twimg.com/profile_images/632996507973758976/7gGUIIXK_normal.jpg|423|4761|Roma|False
AndreaOlivero|"senatore, viceministro dell'Agricoltura.
Aderisco a DemoS - Democrazia Solidale
http://t.co/BUZQ6lOPnF"|http://pbs.twimg.com/profile_images/1089663887/presidente-img_normal.jpg|354|3706||False
pamela_orr|Senatrice PD|http://pbs.twimg.com/profile_images/806162976847826945/J54LmWqw_normal.jpg|747|2931||False
PAGLIARIG|Senatore della Repubblica, Avvocato, Professore Straordinario di Diritto Amministrativo presso l'Universit√† degli Studi di Parma|http://pbs.twimg.com/profile_images/702903383238299648/g7mRk2UR_normal.jpg|236|1437|Parma|False
panizza_f|Senatore, segretario Partito Autonomista Trentino Tirolese. Membro commissione Agricoltura, vicepresidente interparlamentare per lo Sviluppo della Montagna|http://pbs.twimg.com/profile_images/653915027783725056/HIGD_ZqF_normal.jpg|79|130||False
Am_Parente|Capogruppo Pd della Commissione Lavoro del Senato - Eletta nel Lazio|http://pbs.twimg.com/profile_images/806048262386057216/czU0oKnp_normal.jpg|459|2111||False
BartolomeoPepe|"Senatore della Repubblica 
ambientalista
freevax

https://t.co/wKX6J8WbPi‚Ä¶"|http://pbs.twimg.com/profile_images/469139799853391872/td3tSPt3_normal.jpeg|1046|3788|Italia|False
SergioLoGiudice|Senatore Pd, insegnante di filosofia e storia, attivista per i diritti civili, portavoce di ReteDem|http://pbs.twimg.com/profile_images/378800000771386901/7a7f6fed4178bd62281dfcc27691bb2e_normal.png|759|6877|Bologna|False
sfnlcd|Cittadino Portavoce al Senato|http://pbs.twimg.com/profile_images/854366010140393472/6e2ZyO4p_normal.jpg|133|1319||True
patriziamanas|Senatrice del Partito Democratico in Piemonte - membro della XI Commissione Lavoro e della IV commissione Difesa|http://pbs.twimg.com/profile_images/653656997112508416/l6rSwnaA_normal.jpg|397|1055||False
bmancuso8|Senatore, capogruppo Alternativa Popolare 1' Commissione Affari Costituzionali Senato, tesoriere gruppo Alternativa Popolare Senato|http://pbs.twimg.com/profile_images/558344707819184128/3Q3F3Pqw_normal.jpeg|230|317||False
mandelli_andrea|Senatore della Repubblica Vicepresidente della 5¬™ Commissione permanente Bilancio Responsabile nazionale Forza Italia dei rapporti con le professioni|http://pbs.twimg.com/profile_images/807343506557698049/M3O-x_a8_normal.jpg|205|2777||False
Mario_Mantovani|Born in the 1960 3 figli (92,95,06) 1 moglie. VP @manageritalia OIV @minambienteIT Parlo di lavoro, economia, politica. Tifo @BfcOfficialPage @patriots @everton|http://pbs.twimg.com/profile_images/851727565140221953/IOSt_L6k_normal.jpg|1803|10272||False
MaranAlessandro|Vicepresidente del gruppo PD del Senato. Eletto nel Friuli Venezia Giulia. Nel febbraio 2015, con i senatori di Scelta Civica, ho aderito al gruppo del PD.|http://pbs.twimg.com/profile_images/668149849116811265/Ccrl6M32_normal.jpg|3787|31479|Gorizia, Italy|False
mauro_m_marino|"Senatore della Repubblica Italiana, Presidente della 6¬∞ Commissione Permanente (Finanze e Tesoro)
http://t.co/LUqLNYxDnf"|http://pbs.twimg.com/profile_images/809739176967073792/CGbCb9kK_normal.jpg|393|742||False
Marton_Bruno|Cittadino eletto al Senato con il Movimento 5 Stelle|http://pbs.twimg.com/profile_images/1398915813/600_23085019_normal.jpeg|180|405|Monza|True
matteolialtero|Senatore PdL - Forza Italia|http://pbs.twimg.com/profile_images/728188445596749825/zFAO6EZC_normal.jpg|67|13||False
MarioMauro|Account ufficiale - Senatore di Forza Italia|http://pbs.twimg.com/profile_images/920958705377693696/_kKR4Fam_normal.jpg|989|3025|Milano, Lombardia|False
vilmamoronese|Portavoce M5S al Senato|http://pbs.twimg.com/profile_images/3396572519/cf5cb444cdd5b947526f0faf05fcb084_normal.jpeg|172|11268|Roma/Caserta|True
MariaMussini|Insegnante e ricercatrice storica, rappresento i cittadini in Senato tra i senatori indipendenti del Gruppo Misto dal 15 aprile 2014|http://pbs.twimg.com/profile_images/378800000259066805/303e9235a45553ace9f00e3c16e4b40d_normal.jpeg|74|1645|Reggio Emilia|False
Ale_Mussolini_|Parlamentare Europeo Circoscrizione Italia Centrale|http://pbs.twimg.com/profile_images/460367842177601536/niqZt6BN_normal.jpeg|317|13281||False
paolonak|Senatore della Repubblica. Dirigente Presidenza Consiglio Ministri, esperto di Riforme Istituzionali, intelligence ed analisi strategica. Giornalista.|http://pbs.twimg.com/profile_images/378800000633207941/0a55a1800f24754bf93ee0bba5ba88bc_normal.jpeg|45|312|Roma|False
MaurizioSacconi|Senatore, Presidente della Commissione Lavoro|http://pbs.twimg.com/profile_images/822199991/01285_009_normal.JPG|716|7674|Roma|False
asagge|Segretario comunale, Senatrice, Partito Democratico|http://pbs.twimg.com/profile_images/862055387192864770/2lKKXCqF_normal.jpg|622|1060||False
GCSangalli|Senatore della Repubblica per il Pd, Vicepresidente della Commissione Bilancio del Senato|http://pbs.twimg.com/profile_images/3184624887/9fdbafe154de2d3be89f5fbe389b19da_normal.jpeg|198|587||False
f_scalia|Senatore della Repubblica Italiana con il Partito Democratico per costruire un'#italiaGiusta|http://pbs.twimg.com/profile_images/697195615789391874/F9pPINyF_normal.jpg|523|810||False
loscibo|Cittadino Portavoce M5S al Senato|http://pbs.twimg.com/profile_images/466962690930266114/uolmWvLj_normal.jpeg|723|3246|Piemonte|True
DSCLIPOTI|Senatore di Forza Italia|http://pbs.twimg.com/profile_images/496952874849411073/MFIt2fti_normal.jpeg|204|63|Medico chirurgo|False
SenMSpilabotte|Senatrice della Repubblica, Vicepresidente della commissione lavoro|http://pbs.twimg.com/profile_images/647054420572807168/74L6sZGm_normal.jpg|94|280|Frosinone, Lazio|False
giacomos|50% di politica, 25% di vita vera, 10% di sport (Magica Atalanta), 6% di poesia, 4% di cazzate! Il resto? Noia... - Instagram: gstucchi Snapchat: giacomos|http://pbs.twimg.com/profile_images/2264358243/image_normal.jpg|534|9185|B√®rghem - Bergamo|False
tocciw|Senatore @PdNetwork. Mi occupo di politica, ricerca e urbanistica. Coltivo frutti antichi e antiche passioni per fisica e filosofia.|http://pbs.twimg.com/profile_images/1697223077/P1020112__1__normal.JPG|838|908||True
SalvTomaselli|Senatore,Capogruppo PD Commissione Industria,Componente Commissione Antimafia,orgogliosamente democratico,odio ipocrisia e slealt√°.|http://pbs.twimg.com/profile_images/630454136434200576/qfbg3DIH_normal.jpg|526|2554||False
SalvoTorrisii|Senatore della Repubblica di Alternativa Popolare, Presidente Comm. Affari Costituzionali, gi√† deputato e Presidente dell'Ordine degli Avvocati di Catania.|http://pbs.twimg.com/profile_images/581500630277230592/28JJWPPT_normal.jpg|227|697||False
Giulio_Tremonti|Accademico e politico, ha tenuto conferenze nelle principali universit√† del mondo. Oggi √® Senatore della Repubblica e membro della Commissione Esteri.|http://pbs.twimg.com/profile_images/912268402907123719/oxMgMd2N_normal.jpg|72|112||False
LucianoUras|Sardo. Senatore #SEL. Per #ripartire dall'istruzione, per il #lavoro al primo posto.|http://pbs.twimg.com/profile_images/3210804886/b3a061270b4799c536663f052ba572be_normal.jpeg|56|89|Sardegna|False
Tetovaccari|Senatore PD, curioso, podista, terremotato e celiaco|http://pbs.twimg.com/profile_images/750268304615411712/4XfJo3kB_normal.jpg|4402|13162|Modena, Emilia Romagna, Italia|False
MValdinosi|Senatrice Pd|http://pbs.twimg.com/profile_images/876439393229262849/TEwPOE1O_normal.jpg|392|511|Cesena - Roma|False
vvattuone|"Senatore PD
Comissione Difesa"|http://pbs.twimg.com/profile_images/2873604475/8e1ef59ac1670188e2e840e87ebe38c6_normal.jpeg|332|37||False
cescverducci|"Ricercatore universitario, Docente di Sociologia dei fenomeni politici all'Universit√† degli Studi di Macerata.Attualmente, Senatore del Partito Democratico."|http://pbs.twimg.com/profile_images/3157545142/e9afe5e1c2b6b54d0fc1e71efac5c1b9_normal.jpeg|1454|940||False
SimonaVicari|Architetto, Senatore della Repubblica, Alternativa Popolare|http://pbs.twimg.com/profile_images/918072540307836929/GDBKG_0M_normal.jpg|955|4845|Palermo|True
raffaele_volpi|Senatore della Lega Nord , capogruppo Commissione sanit√† e Antimafia,vice presidente del Gruppo Lega Nord.Amo leggere. Vice Presidente juventus club Parlamento|http://pbs.twimg.com/profile_images/3528117229/b71fc017db0b0fa4779d73e8e89fd9a5_normal.jpeg|1928|3739||False
vincenzodanna51|Senatore della Repubblica Italiana XVII legislatura|http://pbs.twimg.com/profile_images/378800000748085134/c2d8f3a986acfc6ad8d394b451a61fcc_normal.jpeg|84|4576|Presidente di FederLab Italia|False
Angela_Donghia|"Senatrice con #Popolari per l'Italia @ItaliaProgetto 
Circoscrizione #Puglia"|http://pbs.twimg.com/profile_images/3149502599/a1f6e5d3c232f1815f396c976d0a81b4_normal.png|55|85||False
michdavico|Docente, senatore autonomista eletto in Piemonte. Commissioni Cultura e Trasporti. Gi√† sottosegretario all'Interno. Un po‚Äô di me nel mio libro Senza Casta|http://pbs.twimg.com/profile_images/831527296989351936/xxkrJcYb_normal.jpg|1326|5900|Piemonte, Italia|False
pepdecr|Senatore del gruppo Misto - Sinistra Italiana, vicepresidente commissione esteri, membro della commissione diritti umani e della commissione antimafia|http://pbs.twimg.com/profile_images/868971019276615681/bNF7zvXF_normal.jpg|2695|1574|Napoli, Campania|False
IsabellaDeMonte|"Eletta al Parlamento Europeo nella circoscrizione Nord-Est.
Membro della Commissione trasporti e turismo."|http://pbs.twimg.com/profile_images/809808999281475584/MyR2wpb6_normal.jpg|1162|3814||False
PetrisDe|Ecologista, Senatrice di SEL, Presidente Gruppo Misto e 'Sinistra Ecologia Liberta'. Laureata in Filosofia, appassionata di agricoltura e romanista.|http://pbs.twimg.com/profile_images/520168895999537152/e9robr74_normal.jpeg|630|2364||False
AntonioDePoli|Senatore della Repubblica Italiana - Questore Anziano #OpenSenato - Partito #Udc @UdcIta  - Segretario Regionale @UdcVeneto|http://pbs.twimg.com/profile_images/912678048297897984/hhV4i4c-_normal.jpg|178|11069|Padova|False
DomenicoDeSiano|"Senatore della Repubblica Italiana @forza_italia 
Coordinatore di @FI_Campania"|http://pbs.twimg.com/profile_images/866655595126022145/80ATZNLL_normal.jpg|193|3806||False
emmedibi|Senatore PD XVII Legislatura|http://pbs.twimg.com/profile_images/868526946623381505/SMOQSY9m_normal.jpg|650|3154|Morbegno|False
bendellavedova|Sottosegretario agli Esteri, europeista e antiproibizionista. #ForzaEuropa! üá™üá∫|http://pbs.twimg.com/profile_images/844499929133453313/uAB4Ihhe_normal.jpg|286|3309||False
AldoDiBiagio|Senatore della Repubblica. Gruppo @iPopolari|http://pbs.twimg.com/profile_images/3161203728/a1ba8b2f8a4f89647e665b7aec4ad5a7_normal.png|1321|4768|Roma|False
UlissediGiacomo|Cardiologo in Politica.|http://pbs.twimg.com/profile_images/2219059942/A__2__normal.jpg|37|2||False
RosaMDiGiorgi|Vice presidente del Senato, PD, ex-assessore all'Educazione del comune di Firenze.|http://pbs.twimg.com/profile_images/834468703660101640/A84fdGua_normal.jpg|1943|3285|Firenze|False
DanielaDonno|Portavoce del Movimento Cinque Stelle al Senato della Repubblica. Vicepresidente Commissione Diritti Umani, Agricoltura.|http://pbs.twimg.com/profile_images/871305635958325248/3lr7ov9V_normal.jpg|1112|2227|Lecce, Puglia|True
Endrizzi_M5S|Cittadino in senato|http://pbs.twimg.com/profile_images/494587512216494080/QFdEsMkU_normal.jpeg|21|14||False
stefanoesposito|Senatore del Partito Democratico|http://pbs.twimg.com/profile_images/914109922194919425/SjGSttXN_normal.jpg|987|14860|torino|False
camillafabbripd|Senatrice marchigiana, presidente della Commissione d'inchiesta infortuni sul lavoro del Senato. Provengo dal mondo delle piccole e medie imprese|http://pbs.twimg.com/profile_images/805819177210617857/6LeXO-GT_normal.jpg|2042|3830|Pesaro|True
fasiolo_laura|Senatrice PD dal 1¬∞ luglio 2014 [F.V.G],9¬™ Commiss.Agricoltura, Comitato Bicamerale Schengen, InchiestaSicurezzaLavoro, InchiestaFemminicidio,  Istruzione suppl|http://pbs.twimg.com/profile_images/496576376162369536/bLWw125m_normal.jpeg|562|1549|Roma|False
EmmaFattorini|Docente di Storia Contemporanea - Senatrice PD componente delle Commissioni: Affari Esteri - Diritti Umani - OSCE|http://pbs.twimg.com/profile_images/378800000866988380/hBSBgVEh_normal.jpeg|403|2441|Roma|False
valeriafedeli|Ministra dell‚ÄôIstruzione, dell‚ÄôUniversit√† e della Ricerca.|http://pbs.twimg.com/profile_images/867770679969579008/wZF9hTO2_normal.jpg|2552|15594||True
CorradinoMineo||http://pbs.twimg.com/profile_images/3085665027/aca86908f0b266b0e247940c46216c13_normal.jpeg|186|5627||False
DonatellaAlbano||http://pbs.twimg.com/profile_images/3400063033/9a092973468953b7674ccc5e9dbcc55d_normal.jpeg|598|2453||False
lucchese_paolo|non credo nei confini,nelle barriere,ne bandiere.Credo che apparteniamo tutti a un‚Äôunica famiglia,che √® la famiglia umana. (Vittorio Arrigoni) #FreePalestine|http://pbs.twimg.com/profile_images/748980026293514240/1TycJkaM_normal.jpg|1449|10067||False
PBisinella|La migliore preparazione per domani √® fare del tuo meglio oggi.|http://pbs.twimg.com/profile_images/886174823692607488/7rr1WivJ_normal.jpg|124|3700|Verona|False
massimobitonci|Veneto, sposato 2 figli, consigliere comunale gi√† Sindaco di Padova e Cittadella, presidente Liga Veneta, dottore commercialista e Rugbista.|http://pbs.twimg.com/profile_images/643451496/bitonci_1_normal.jpg|781|15923||False
iovotoboccardi|Candidato alla regione Puglia con la lista POPOLO DELLA LIBERTA' con Palese PRESIDENTE|http://pbs.twimg.com/profile_images/697157430/19463_1246041190116_1202001932_30582105_8294197_n_normal.jpg|1|2|Turi|False
fbocchino|Partecipazione, solidariet√†, competenza, onest√†, trasparenza e bene comune, sono i principi che animano il mio agire. Il loro rispetto √® il mio unico vincolo.|http://pbs.twimg.com/profile_images/398284245/eiffel1_normal.jpg|170|1107||False
sandrobondi|Ministro della Cultura - Governo Berlusconi 2008|http://pbs.twimg.com/profile_images/940730679/95600355-3c11-4aaa-b079-0ecd16c991b6_normal.jpg|126|309|Rome|False
LauraBottici|portavoce al Senato per il Movimento 5 Stelle|http://pbs.twimg.com/profile_images/378800000562070948/16711c191c0d1ed860fdfb77ffa75009_normal.jpeg|221|2335|Roma|True
Claudio_Broglia|Senatore Pd XVII¬∞ Legislatura - Ex sindaco di Crevalcore (Mo)|http://pbs.twimg.com/profile_images/3723187946/9c06462e32324455e0402bb186b9a2fe_normal.jpeg|130|13||False
filippobubbico|Senatore Art.1 - MDP|http://pbs.twimg.com/profile_images/3070173051/5e497a950d52580f0471f765935ab191_normal.jpeg|933|1237||False
MBuccarella|Cittadino in Parlamento del Movimento 5 Stelle. Commissione Giustizia del Senato (Vicepresidente), membro della Giunta delle elezioni ed immunita' parlamentari.|http://pbs.twimg.com/profile_images/2530804245/image_normal.jpg|548|2108|Roma|True
BUEMIENRICO|Senatore in Commissione Giustizia e Antimafia, Socialista, Imprenditore - A GUARDARE TROPPO IL PASSATO SI PERDE DI VISTA IL FUTURO|http://pbs.twimg.com/profile_images/3750727783/decb8fdfa2ed52f3a1e6a5263c05eded_normal.jpeg|250|3635|Torino, Italy|False
Massimo_Caleo|Orgogliosamente figlio di contadini. Agronomo e Insegnante di Scienze Agrarie, momentaneamente Senatore|http://pbs.twimg.com/profile_images/3175097465/2864cf964ab7b248c93f1f40208fe1d9_normal.jpeg|1656|1108||False
CandianiStefano|Senatore|http://pbs.twimg.com/profile_images/3374440285/d301a6ccc20b958835342f869ef37516_normal.jpeg|346|3911||False
CantiniL|Senatrice PD XVII¬∞ Legislatura - Membro delle commissioni Lavori Pubblici e Questioni Regionali - Vigilanza Rai - inchiesta Moby Prince|http://pbs.twimg.com/profile_images/378800000664805630/12bc056983fe231b77d2f0c4833d30b3_normal.jpeg|2003|2242||False
e_cappelletti|portavoce del Movimento 5 Stelle|http://pbs.twimg.com/profile_images/789030330653036545/_tMKEaFL_normal.jpg|72|4990|Senatore della Repubblica|True
FrancoCardiello|Avvocato-Senatore PdL Campania XVII Legislatura|http://pbs.twimg.com/profile_images/3417367497/ce08659788cb711071a57467b68774ce_normal.jpeg|964|67||False
ValeriaCardina6|Senatrice PD|http://pbs.twimg.com/profile_images/835613377347092484/eKvSzXE__normal.jpg|43|646||False
mcasa68|Eletta al Senato della Repubblica Lombardia - M5S fino al 2014 - Ho vissuto in Libia e Algeria 70-80. Seguo Bagnai.|http://pbs.twimg.com/profile_images/712349060817149952/vVPxLWAg_normal.jpg|604|1320|Monza, Lombardia|False
MassimoCassano|Laurea in Scienze Politiche. Senatore della Repubblica, in Forza Italia.|http://pbs.twimg.com/profile_images/567367255684444160/pfuGcOVU_normal.jpeg|2089|3770|Bari|False
BarbaraLezzi|Cittadina eletta al Senato per il M5S|http://pbs.twimg.com/profile_images/430740723886194689/VlThqTvp_normal.jpeg|342|2092|Roma|True
Carlo_Martelli|Portavoce in Senato per il MoVimento5Stelle|http://pbs.twimg.com/profile_images/378800000572246135/cd7ecca0ff08acbe205d03115230b6bf_normal.jpeg|138|9945||True
FinocchiaroAnna|Senatrice Pd, Ministra per i rapporti con il Parlamento.|http://pbs.twimg.com/profile_images/865586838081286144/evVkxaFF_normal.jpg|2220|946||False
gasparripdl|Pdl-Forza Italia vice presidente del Senato|http://pbs.twimg.com/profile_images/813764677952032769/zOJlknOj_normal.jpg|1380|167926||False
NicolaMorra63|M5S Senato, impegnato a promuovere, con il sorriso, una rivoluzione culturale che molti avversano. Ogni tanto stanco, ma finora capace sempre di ripartire.|http://pbs.twimg.com/profile_images/901147738972332032/f1zr0_A6_normal.jpg|304|7574||True
PaolaTavernaM5S|Portavoce M5S eletta al Senato della Repubblica.|http://pbs.twimg.com/profile_images/913904472316932098/Dqfmbv8j_normal.jpg|128|1764|Roma|True
SenatoreMonti|Twitter ufficiale del senatore Mario Monti.|http://pbs.twimg.com/profile_images/448421886775418881/tfaayeoI_normal.jpeg|186|1021||True
Fattorisenato5s|Da marzo 2013 Cittadina 5 stelle in Senato. Attivista del Movimento 5 stelle di Genzano di Roma,attivista nei movimenti acqua|http://pbs.twimg.com/profile_images/840471022667206656/oxBs2eur_normal.jpg|151|1398|Genzano di Roma, Lazio|True
AlbertoAirola|Portavoce del M5S al Senato della Repubblica - Operatore di ripresa telecinematografica|http://pbs.twimg.com/profile_images/647538935393046529/bacAEWYd_normal.jpg|492|6030|Roma|True
g_albertini|Europarlamentare, membro del gruppo del Partito popolare europeo.Sindaco di Milano dal 1997 al 2006.Candidato presidente alle elezioni regionali della Lombardia|http://pbs.twimg.com/profile_images/2830876951/a5f9208fe0ab2b7234e9f733f495d61e_normal.jpeg|75|255||False
amideibart|Senatore della Repubblica|http://pbs.twimg.com/profile_images/712670892749406209/Np8HwNES_normal.jpg|50|2|Loreo, Veneto|False
AracriFrancesco|Senatore di Forza Italia e avvocato - VIII Commissione Trasporti e Lavori pubblici|http://pbs.twimg.com/profile_images/694457438712504320/nVkbxa2V_normal.jpg|1521|2513||False
BrunoAstorre|Senatore del PD. Membro Direzione nazionale PD. Provengo da una scuola che interpreta la politica come strumento, non come fine.|http://pbs.twimg.com/profile_images/808253574908145664/coYr04fP_normal.jpg|175|575||False
LUCIOBARANI|XII¬∞ Commissione Affari Sociali dal 21 maggio 2008 - Commissione Parlamentare di inchiesta sugli errori in campo sanitario e sulle cause dei disavanzi sanitari|http://pbs.twimg.com/profile_images/342678632/lucio_barani_normal.jpg|20|0|Italy|False
lor_bat|Democratico e progressista. Segretario commissione difesa Senato, componente delegazione Nato, commissione di inchiesta sulle cause del disastro Moby Prince|http://pbs.twimg.com/profile_images/723112240430387200/8SIWzT8Y_normal.jpg|558|11352|Trieste-Roma A/R|False
alessandrabenci|Senato della Repubblica Italiana IDV - ITALIA dei VALORI (Gruppo Misto ) 11^ Comm. Lavoro e Prev. Sociale|http://pbs.twimg.com/profile_images/625721946236448768/ooc5NyO__normal.jpg|259|3098|Politico ( prof.ne Infermiera)|False
BerniniAM|Avvocato. Prof. di diritto pubblico comparato Universit√† di Bologna. Vice Capogruppo Vicario @forza_italia al Senato|http://pbs.twimg.com/profile_images/921433165465571328/xkDzhXsh_normal.jpg|344|1060||False
OBertorotta|Portavoce M5S al senato|http://pbs.twimg.com/profile_images/3411684138/309e7231088718a85972d3ca74599595_normal.jpeg|155|2242|Catania|True
mtbertuzzi|Senatrice del Partito Democratico.|http://pbs.twimg.com/profile_images/3015754935/d03980d5e4d491055508820c6cc2873a_normal.jpeg|415|677||False
bianco_amedeo|Medico e Senatore della Repubblica. Componente XII Commissione - Igiene e Sanit√†.|http://pbs.twimg.com/profile_images/611225905978077185/n-ToEtlf_normal.jpg|36|0||False
sen_bianconi|Senatrice - Presidente del Gruppo Area Popolare al Senato - Componente  12^ Commissione Igiene e Sanita'|http://pbs.twimg.com/profile_images/1846022520/00017552_normal.jpg|512|2185||False
LauraBignami1|Fare il politico per me √® un mezzo per portare a termine il mio obiettivo, non certamente un fine. Chiunque pu√≤ fare cose buone e giuste per tutti, chiunque!|http://pbs.twimg.com/profile_images/805336336093904897/o_GVbzra_normal.jpg|633|5141|Roma-Borsano|False
